FIRST_NZ_REGISTRATION_YEAR,MAKE,NUMBER_OF_REGISTRATIONS
1950,TOYOTA,0.0
1950,NISSAN,0.0
1950,MAZDA,0.0
1950,FORD,20.0
1950,MITSUBISHI,0.0
1950,HONDA,0.0
1950,HOLDEN,0.0
1950,SUZUKI,0.0
1950,SUBARU,0.0
1950,VOLKSWAGEN,0.0
1950,HYUNDAI,0.0
1950,BMW,0.0
1950,KIA,0.0
1950,MERCEDES-BENZ,0.0
1950,ISUZU,0.0
1950,AUDI,0.0
1950,LAND ROVER,5.0
1950,HARLEY DAVIDSON,1.0
1950,LEXUS,0.0
1950,PEUGEOT,0.0
1951,TOYOTA,0.0
1951,NISSAN,0.0
1951,MAZDA,0.0
1951,FORD,31.0
1951,MITSUBISHI,0.0
1951,HONDA,0.0
1951,HOLDEN,0.0
1951,SUZUKI,0.0
1951,SUBARU,0.0
1951,VOLKSWAGEN,0.0
1951,HYUNDAI,0.0
1951,BMW,0.0
1951,KIA,0.0
1951,MERCEDES-BENZ,1.0
1951,ISUZU,0.0
1951,AUDI,0.0
1951,LAND ROVER,6.0
1951,HARLEY DAVIDSON,0.0
1951,LEXUS,0.0
1951,PEUGEOT,0.0
1952,TOYOTA,0.0
1952,NISSAN,0.0
1952,MAZDA,0.0
1952,FORD,32.0
1952,MITSUBISHI,0.0
1952,HONDA,0.0
1952,HOLDEN,1.0
1952,SUZUKI,0.0
1952,SUBARU,0.0
1952,VOLKSWAGEN,1.0
1952,HYUNDAI,0.0
1952,BMW,1.0
1952,KIA,0.0
1952,MERCEDES-BENZ,0.0
1952,ISUZU,0.0
1952,AUDI,0.0
1952,LAND ROVER,14.0
1952,HARLEY DAVIDSON,0.0
1952,LEXUS,0.0
1952,PEUGEOT,0.0
1953,TOYOTA,0.0
1953,NISSAN,0.0
1953,MAZDA,0.0
1953,FORD,27.0
1953,MITSUBISHI,0.0
1953,HONDA,0.0
1953,HOLDEN,0.0
1953,SUZUKI,0.0
1953,SUBARU,0.0
1953,VOLKSWAGEN,0.0
1953,HYUNDAI,0.0
1953,BMW,0.0
1953,KIA,0.0
1953,MERCEDES-BENZ,1.0
1953,ISUZU,0.0
1953,AUDI,0.0
1953,LAND ROVER,16.0
1953,HARLEY DAVIDSON,0.0
1953,LEXUS,0.0
1953,PEUGEOT,0.0
1954,TOYOTA,0.0
1954,NISSAN,0.0
1954,MAZDA,0.0
1954,FORD,42.0
1954,MITSUBISHI,0.0
1954,HONDA,0.0
1954,HOLDEN,4.0
1954,SUZUKI,0.0
1954,SUBARU,0.0
1954,VOLKSWAGEN,10.0
1954,HYUNDAI,0.0
1954,BMW,2.0
1954,KIA,0.0
1954,MERCEDES-BENZ,3.0
1954,ISUZU,0.0
1954,AUDI,0.0
1954,LAND ROVER,17.0
1954,HARLEY DAVIDSON,0.0
1954,LEXUS,0.0
1954,PEUGEOT,0.0
1955,TOYOTA,0.0
1955,NISSAN,0.0
1955,MAZDA,0.0
1955,FORD,72.0
1955,MITSUBISHI,0.0
1955,HONDA,0.0
1955,HOLDEN,8.0
1955,SUZUKI,0.0
1955,SUBARU,0.0
1955,VOLKSWAGEN,7.0
1955,HYUNDAI,0.0
1955,BMW,2.0
1955,KIA,0.0
1955,MERCEDES-BENZ,0.0
1955,ISUZU,0.0
1955,AUDI,0.0
1955,LAND ROVER,29.0
1955,HARLEY DAVIDSON,0.0
1955,LEXUS,0.0
1955,PEUGEOT,2.0
1956,TOYOTA,0.0
1956,NISSAN,0.0
1956,MAZDA,0.0
1956,FORD,51.0
1956,MITSUBISHI,0.0
1956,HONDA,0.0
1956,HOLDEN,12.0
1956,SUZUKI,0.0
1956,SUBARU,0.0
1956,VOLKSWAGEN,12.0
1956,HYUNDAI,0.0
1956,BMW,1.0
1956,KIA,0.0
1956,MERCEDES-BENZ,2.0
1956,ISUZU,0.0
1956,AUDI,0.0
1956,LAND ROVER,19.0
1956,HARLEY DAVIDSON,0.0
1956,LEXUS,0.0
1956,PEUGEOT,0.0
1957,TOYOTA,0.0
1957,NISSAN,0.0
1957,MAZDA,0.0
1957,FORD,52.0
1957,MITSUBISHI,0.0
1957,HONDA,0.0
1957,HOLDEN,2.0
1957,SUZUKI,0.0
1957,SUBARU,0.0
1957,VOLKSWAGEN,14.0
1957,HYUNDAI,0.0
1957,BMW,2.0
1957,KIA,0.0
1957,MERCEDES-BENZ,9.0
1957,ISUZU,0.0
1957,AUDI,0.0
1957,LAND ROVER,19.0
1957,HARLEY DAVIDSON,0.0
1957,LEXUS,0.0
1957,PEUGEOT,0.0
1958,TOYOTA,0.0
1958,NISSAN,0.0
1958,MAZDA,0.0
1958,FORD,23.0
1958,MITSUBISHI,0.0
1958,HONDA,0.0
1958,HOLDEN,5.0
1958,SUZUKI,0.0
1958,SUBARU,0.0
1958,VOLKSWAGEN,12.0
1958,HYUNDAI,0.0
1958,BMW,8.0
1958,KIA,0.0
1958,MERCEDES-BENZ,6.0
1958,ISUZU,0.0
1958,AUDI,0.0
1958,LAND ROVER,18.0
1958,HARLEY DAVIDSON,0.0
1958,LEXUS,0.0
1958,PEUGEOT,0.0
1959,TOYOTA,0.0
1959,NISSAN,0.0
1959,MAZDA,0.0
1959,FORD,23.0
1959,MITSUBISHI,0.0
1959,HONDA,0.0
1959,HOLDEN,8.0
1959,SUZUKI,0.0
1959,SUBARU,0.0
1959,VOLKSWAGEN,6.0
1959,HYUNDAI,0.0
1959,BMW,2.0
1959,KIA,0.0
1959,MERCEDES-BENZ,1.0
1959,ISUZU,0.0
1959,AUDI,0.0
1959,LAND ROVER,6.0
1959,HARLEY DAVIDSON,1.0
1959,LEXUS,0.0
1959,PEUGEOT,1.0
1960,TOYOTA,0.0
1960,NISSAN,0.0
1960,MAZDA,0.0
1960,FORD,33.0
1960,MITSUBISHI,0.0
1960,HONDA,6.0
1960,HOLDEN,15.0
1960,SUZUKI,0.0
1960,SUBARU,0.0
1960,VOLKSWAGEN,3.0
1960,HYUNDAI,0.0
1960,BMW,4.0
1960,KIA,0.0
1960,MERCEDES-BENZ,2.0
1960,ISUZU,0.0
1960,AUDI,0.0
1960,LAND ROVER,15.0
1960,HARLEY DAVIDSON,1.0
1960,LEXUS,0.0
1960,PEUGEOT,0.0
1961,TOYOTA,0.0
1961,NISSAN,0.0
1961,MAZDA,0.0
1961,FORD,49.0
1961,MITSUBISHI,0.0
1961,HONDA,3.0
1961,HOLDEN,16.0
1961,SUZUKI,0.0
1961,SUBARU,0.0
1961,VOLKSWAGEN,18.0
1961,HYUNDAI,0.0
1961,BMW,0.0
1961,KIA,0.0
1961,MERCEDES-BENZ,0.0
1961,ISUZU,0.0
1961,AUDI,0.0
1961,LAND ROVER,9.0
1961,HARLEY DAVIDSON,0.0
1961,LEXUS,0.0
1961,PEUGEOT,2.0
1962,TOYOTA,0.0
1962,NISSAN,0.0
1962,MAZDA,0.0
1962,FORD,51.0
1962,MITSUBISHI,0.0
1962,HONDA,3.0
1962,HOLDEN,27.0
1962,SUZUKI,0.0
1962,SUBARU,0.0
1962,VOLKSWAGEN,22.0
1962,HYUNDAI,0.0
1962,BMW,1.0
1962,KIA,0.0
1962,MERCEDES-BENZ,6.0
1962,ISUZU,0.0
1962,AUDI,0.0
1962,LAND ROVER,13.0
1962,HARLEY DAVIDSON,0.0
1962,LEXUS,0.0
1962,PEUGEOT,1.0
1963,TOYOTA,0.0
1963,NISSAN,0.0
1963,MAZDA,0.0
1963,FORD,89.0
1963,MITSUBISHI,0.0
1963,HONDA,2.0
1963,HOLDEN,30.0
1963,SUZUKI,0.0
1963,SUBARU,0.0
1963,VOLKSWAGEN,22.0
1963,HYUNDAI,0.0
1963,BMW,1.0
1963,KIA,0.0
1963,MERCEDES-BENZ,3.0
1963,ISUZU,0.0
1963,AUDI,0.0
1963,LAND ROVER,16.0
1963,HARLEY DAVIDSON,1.0
1963,LEXUS,0.0
1963,PEUGEOT,0.0
1964,TOYOTA,0.0
1964,NISSAN,0.0
1964,MAZDA,0.0
1964,FORD,99.0
1964,MITSUBISHI,0.0
1964,HONDA,5.0
1964,HOLDEN,39.0
1964,SUZUKI,0.0
1964,SUBARU,0.0
1964,VOLKSWAGEN,21.0
1964,HYUNDAI,0.0
1964,BMW,1.0
1964,KIA,0.0
1964,MERCEDES-BENZ,10.0
1964,ISUZU,0.0
1964,AUDI,0.0
1964,LAND ROVER,18.0
1964,HARLEY DAVIDSON,3.0
1964,LEXUS,0.0
1964,PEUGEOT,1.0
1965,TOYOTA,0.0
1965,NISSAN,0.0
1965,MAZDA,0.0
1965,FORD,112.0
1965,MITSUBISHI,0.0
1965,HONDA,9.0
1965,HOLDEN,13.0
1965,SUZUKI,0.0
1965,SUBARU,0.0
1965,VOLKSWAGEN,30.0
1965,HYUNDAI,0.0
1965,BMW,1.0
1965,KIA,0.0
1965,MERCEDES-BENZ,11.0
1965,ISUZU,0.0
1965,AUDI,0.0
1965,LAND ROVER,16.0
1965,HARLEY DAVIDSON,0.0
1965,LEXUS,0.0
1965,PEUGEOT,1.0
1966,TOYOTA,0.0
1966,NISSAN,0.0
1966,MAZDA,0.0
1966,FORD,80.0
1966,MITSUBISHI,0.0
1966,HONDA,6.0
1966,HOLDEN,30.0
1966,SUZUKI,4.0
1966,SUBARU,2.0
1966,VOLKSWAGEN,34.0
1966,HYUNDAI,0.0
1966,BMW,1.0
1966,KIA,0.0
1966,MERCEDES-BENZ,4.0
1966,ISUZU,0.0
1966,AUDI,0.0
1966,LAND ROVER,18.0
1966,HARLEY DAVIDSON,0.0
1966,LEXUS,0.0
1966,PEUGEOT,2.0
1967,TOYOTA,1.0
1967,NISSAN,0.0
1967,MAZDA,0.0
1967,FORD,86.0
1967,MITSUBISHI,0.0
1967,HONDA,7.0
1967,HOLDEN,31.0
1967,SUZUKI,6.0
1967,SUBARU,0.0
1967,VOLKSWAGEN,24.0
1967,HYUNDAI,0.0
1967,BMW,1.0
1967,KIA,0.0
1967,MERCEDES-BENZ,7.0
1967,ISUZU,0.0
1967,AUDI,0.0
1967,LAND ROVER,23.0
1967,HARLEY DAVIDSON,1.0
1967,LEXUS,0.0
1967,PEUGEOT,0.0
1968,TOYOTA,0.0
1968,NISSAN,2.0
1968,MAZDA,0.0
1968,FORD,86.0
1968,MITSUBISHI,0.0
1968,HONDA,7.0
1968,HOLDEN,29.0
1968,SUZUKI,5.0
1968,SUBARU,0.0
1968,VOLKSWAGEN,22.0
1968,HYUNDAI,0.0
1968,BMW,3.0
1968,KIA,0.0
1968,MERCEDES-BENZ,3.0
1968,ISUZU,0.0
1968,AUDI,0.0
1968,LAND ROVER,12.0
1968,HARLEY DAVIDSON,1.0
1968,LEXUS,0.0
1968,PEUGEOT,2.0
1969,TOYOTA,3.0
1969,NISSAN,1.0
1969,MAZDA,3.0
1969,FORD,80.0
1969,MITSUBISHI,0.0
1969,HONDA,7.0
1969,HOLDEN,42.0
1969,SUZUKI,7.0
1969,SUBARU,0.0
1969,VOLKSWAGEN,36.0
1969,HYUNDAI,0.0
1969,BMW,3.0
1969,KIA,0.0
1969,MERCEDES-BENZ,4.0
1969,ISUZU,0.0
1969,AUDI,0.0
1969,LAND ROVER,21.0
1969,HARLEY DAVIDSON,1.0
1969,LEXUS,0.0
1969,PEUGEOT,1.0
1970,TOYOTA,11.0
1970,NISSAN,2.0
1970,MAZDA,0.0
1970,FORD,132.0
1970,MITSUBISHI,2.0
1970,HONDA,16.0
1970,HOLDEN,79.0
1970,SUZUKI,18.0
1970,SUBARU,0.0
1970,VOLKSWAGEN,40.0
1970,HYUNDAI,0.0
1970,BMW,2.0
1970,KIA,0.0
1970,MERCEDES-BENZ,8.0
1970,ISUZU,1.0
1970,AUDI,0.0
1970,LAND ROVER,27.0
1970,HARLEY DAVIDSON,5.0
1970,LEXUS,0.0
1970,PEUGEOT,5.0
1971,TOYOTA,22.0
1971,NISSAN,1.0
1971,MAZDA,7.0
1971,FORD,128.0
1971,MITSUBISHI,1.0
1971,HONDA,42.0
1971,HOLDEN,67.0
1971,SUZUKI,36.0
1971,SUBARU,1.0
1971,VOLKSWAGEN,50.0
1971,HYUNDAI,0.0
1971,BMW,5.0
1971,KIA,0.0
1971,MERCEDES-BENZ,11.0
1971,ISUZU,1.0
1971,AUDI,0.0
1971,LAND ROVER,40.0
1971,HARLEY DAVIDSON,2.0
1971,LEXUS,0.0
1971,PEUGEOT,1.0
1972,TOYOTA,27.0
1972,NISSAN,1.0
1972,MAZDA,25.0
1972,FORD,122.0
1972,MITSUBISHI,8.0
1972,HONDA,65.0
1972,HOLDEN,131.0
1972,SUZUKI,33.0
1972,SUBARU,1.0
1972,VOLKSWAGEN,29.0
1972,HYUNDAI,0.0
1972,BMW,10.0
1972,KIA,0.0
1972,MERCEDES-BENZ,16.0
1972,ISUZU,0.0
1972,AUDI,0.0
1972,LAND ROVER,30.0
1972,HARLEY DAVIDSON,2.0
1972,LEXUS,0.0
1972,PEUGEOT,0.0
1973,TOYOTA,20.0
1973,NISSAN,2.0
1973,MAZDA,30.0
1973,FORD,91.0
1973,MITSUBISHI,15.0
1973,HONDA,77.0
1973,HOLDEN,98.0
1973,SUZUKI,38.0
1973,SUBARU,1.0
1973,VOLKSWAGEN,19.0
1973,HYUNDAI,0.0
1973,BMW,10.0
1973,KIA,0.0
1973,MERCEDES-BENZ,9.0
1973,ISUZU,0.0
1973,AUDI,1.0
1973,LAND ROVER,36.0
1973,HARLEY DAVIDSON,0.0
1973,LEXUS,0.0
1973,PEUGEOT,2.0
1974,TOYOTA,28.0
1974,NISSAN,4.0
1974,MAZDA,45.0
1974,FORD,139.0
1974,MITSUBISHI,16.0
1974,HONDA,93.0
1974,HOLDEN,104.0
1974,SUZUKI,41.0
1974,SUBARU,1.0
1974,VOLKSWAGEN,22.0
1974,HYUNDAI,0.0
1974,BMW,6.0
1974,KIA,0.0
1974,MERCEDES-BENZ,15.0
1974,ISUZU,1.0
1974,AUDI,2.0
1974,LAND ROVER,21.0
1974,HARLEY DAVIDSON,6.0
1974,LEXUS,0.0
1974,PEUGEOT,0.0
1975,TOYOTA,21.0
1975,NISSAN,2.0
1975,MAZDA,40.0
1975,FORD,97.0
1975,MITSUBISHI,10.0
1975,HONDA,93.0
1975,HOLDEN,69.0
1975,SUZUKI,39.0
1975,SUBARU,0.0
1975,VOLKSWAGEN,20.0
1975,HYUNDAI,0.0
1975,BMW,15.0
1975,KIA,0.0
1975,MERCEDES-BENZ,11.0
1975,ISUZU,3.0
1975,AUDI,0.0
1975,LAND ROVER,13.0
1975,HARLEY DAVIDSON,7.0
1975,LEXUS,0.0
1975,PEUGEOT,1.0
1976,TOYOTA,31.0
1976,NISSAN,2.0
1976,MAZDA,17.0
1976,FORD,76.0
1976,MITSUBISHI,2.0
1976,HONDA,79.0
1976,HOLDEN,60.0
1976,SUZUKI,23.0
1976,SUBARU,0.0
1976,VOLKSWAGEN,14.0
1976,HYUNDAI,0.0
1976,BMW,4.0
1976,KIA,0.0
1976,MERCEDES-BENZ,11.0
1976,ISUZU,1.0
1976,AUDI,0.0
1976,LAND ROVER,26.0
1976,HARLEY DAVIDSON,5.0
1976,LEXUS,0.0
1976,PEUGEOT,0.0
1977,TOYOTA,29.0
1977,NISSAN,4.0
1977,MAZDA,22.0
1977,FORD,87.0
1977,MITSUBISHI,3.0
1977,HONDA,64.0
1977,HOLDEN,73.0
1977,SUZUKI,28.0
1977,SUBARU,0.0
1977,VOLKSWAGEN,12.0
1977,HYUNDAI,0.0
1977,BMW,7.0
1977,KIA,0.0
1977,MERCEDES-BENZ,9.0
1977,ISUZU,2.0
1977,AUDI,0.0
1977,LAND ROVER,23.0
1977,HARLEY DAVIDSON,0.0
1977,LEXUS,0.0
1977,PEUGEOT,2.0
1978,TOYOTA,34.0
1978,NISSAN,3.0
1978,MAZDA,24.0
1978,FORD,90.0
1978,MITSUBISHI,6.0
1978,HONDA,61.0
1978,HOLDEN,86.0
1978,SUZUKI,23.0
1978,SUBARU,0.0
1978,VOLKSWAGEN,6.0
1978,HYUNDAI,0.0
1978,BMW,7.0
1978,KIA,0.0
1978,MERCEDES-BENZ,12.0
1978,ISUZU,6.0
1978,AUDI,0.0
1978,LAND ROVER,20.0
1978,HARLEY DAVIDSON,0.0
1978,LEXUS,0.0
1978,PEUGEOT,0.0
1979,TOYOTA,33.0
1979,NISSAN,1.0
1979,MAZDA,13.0
1979,FORD,86.0
1979,MITSUBISHI,6.0
1979,HONDA,110.0
1979,HOLDEN,79.0
1979,SUZUKI,37.0
1979,SUBARU,0.0
1979,VOLKSWAGEN,8.0
1979,HYUNDAI,0.0
1979,BMW,14.0
1979,KIA,0.0
1979,MERCEDES-BENZ,9.0
1979,ISUZU,0.0
1979,AUDI,0.0
1979,LAND ROVER,22.0
1979,HARLEY DAVIDSON,5.0
1979,LEXUS,0.0
1979,PEUGEOT,1.0
1980,TOYOTA,39.0
1980,NISSAN,3.0
1980,MAZDA,23.0
1980,FORD,104.0
1980,MITSUBISHI,13.0
1980,HONDA,136.0
1980,HOLDEN,61.0
1980,SUZUKI,97.0
1980,SUBARU,1.0
1980,VOLKSWAGEN,10.0
1980,HYUNDAI,0.0
1980,BMW,16.0
1980,KIA,0.0
1980,MERCEDES-BENZ,10.0
1980,ISUZU,0.0
1980,AUDI,0.0
1980,LAND ROVER,14.0
1980,HARLEY DAVIDSON,4.0
1980,LEXUS,0.0
1980,PEUGEOT,0.0
1981,TOYOTA,57.0
1981,NISSAN,5.0
1981,MAZDA,9.0
1981,FORD,84.0
1981,MITSUBISHI,19.0
1981,HONDA,113.0
1981,HOLDEN,48.0
1981,SUZUKI,110.0
1981,SUBARU,4.0
1981,VOLKSWAGEN,14.0
1981,HYUNDAI,0.0
1981,BMW,14.0
1981,KIA,0.0
1981,MERCEDES-BENZ,12.0
1981,ISUZU,2.0
1981,AUDI,1.0
1981,LAND ROVER,8.0
1981,HARLEY DAVIDSON,8.0
1981,LEXUS,0.0
1981,PEUGEOT,0.0
1982,TOYOTA,56.0
1982,NISSAN,3.0
1982,MAZDA,18.0
1982,FORD,97.0
1982,MITSUBISHI,22.0
1982,HONDA,115.0
1982,HOLDEN,40.0
1982,SUZUKI,63.0
1982,SUBARU,3.0
1982,VOLKSWAGEN,12.0
1982,HYUNDAI,2.0
1982,BMW,24.0
1982,KIA,0.0
1982,MERCEDES-BENZ,27.0
1982,ISUZU,9.0
1982,AUDI,2.0
1982,LAND ROVER,17.0
1982,HARLEY DAVIDSON,6.0
1982,LEXUS,0.0
1982,PEUGEOT,1.0
1983,TOYOTA,54.0
1983,NISSAN,8.0
1983,MAZDA,15.0
1983,FORD,72.0
1983,MITSUBISHI,22.0
1983,HONDA,75.0
1983,HOLDEN,40.0
1983,SUZUKI,80.0
1983,SUBARU,2.0
1983,VOLKSWAGEN,7.0
1983,HYUNDAI,1.0
1983,BMW,35.0
1983,KIA,0.0
1983,MERCEDES-BENZ,24.0
1983,ISUZU,9.0
1983,AUDI,3.0
1983,LAND ROVER,12.0
1983,HARLEY DAVIDSON,9.0
1983,LEXUS,0.0
1983,PEUGEOT,2.0
1984,TOYOTA,58.0
1984,NISSAN,12.0
1984,MAZDA,10.0
1984,FORD,89.0
1984,MITSUBISHI,30.0
1984,HONDA,89.0
1984,HOLDEN,36.0
1984,SUZUKI,86.0
1984,SUBARU,3.0
1984,VOLKSWAGEN,9.0
1984,HYUNDAI,3.0
1984,BMW,48.0
1984,KIA,0.0
1984,MERCEDES-BENZ,40.0
1984,ISUZU,17.0
1984,AUDI,4.0
1984,LAND ROVER,15.0
1984,HARLEY DAVIDSON,22.0
1984,LEXUS,0.0
1984,PEUGEOT,4.0
1985,TOYOTA,44.0
1985,NISSAN,12.0
1985,MAZDA,23.0
1985,FORD,95.0
1985,MITSUBISHI,28.0
1985,HONDA,104.0
1985,HOLDEN,37.0
1985,SUZUKI,75.0
1985,SUBARU,2.0
1985,VOLKSWAGEN,11.0
1985,HYUNDAI,0.0
1985,BMW,116.0
1985,KIA,0.0
1985,MERCEDES-BENZ,39.0
1985,ISUZU,23.0
1985,AUDI,7.0
1985,LAND ROVER,24.0
1985,HARLEY DAVIDSON,29.0
1985,LEXUS,0.0
1985,PEUGEOT,5.0
1986,TOYOTA,43.0
1986,NISSAN,21.0
1986,MAZDA,26.0
1986,FORD,119.0
1986,MITSUBISHI,20.0
1986,HONDA,192.0
1986,HOLDEN,38.0
1986,SUZUKI,113.0
1986,SUBARU,9.0
1986,VOLKSWAGEN,26.0
1986,HYUNDAI,2.0
1986,BMW,202.0
1986,KIA,0.0
1986,MERCEDES-BENZ,54.0
1986,ISUZU,24.0
1986,AUDI,10.0
1986,LAND ROVER,22.0
1986,HARLEY DAVIDSON,71.0
1986,LEXUS,0.0
1986,PEUGEOT,4.0
1987,TOYOTA,42.0
1987,NISSAN,28.0
1987,MAZDA,38.0
1987,FORD,164.0
1987,MITSUBISHI,32.0
1987,HONDA,228.0
1987,HOLDEN,71.0
1987,SUZUKI,115.0
1987,SUBARU,13.0
1987,VOLKSWAGEN,30.0
1987,HYUNDAI,4.0
1987,BMW,247.0
1987,KIA,0.0
1987,MERCEDES-BENZ,52.0
1987,ISUZU,21.0
1987,AUDI,13.0
1987,LAND ROVER,21.0
1987,HARLEY DAVIDSON,147.0
1987,LEXUS,0.0
1987,PEUGEOT,10.0
1988,TOYOTA,62.0
1988,NISSAN,25.0
1988,MAZDA,34.0
1988,FORD,117.0
1988,MITSUBISHI,30.0
1988,HONDA,207.0
1988,HOLDEN,33.0
1988,SUZUKI,130.0
1988,SUBARU,22.0
1988,VOLKSWAGEN,34.0
1988,HYUNDAI,8.0
1988,BMW,178.0
1988,KIA,0.0
1988,MERCEDES-BENZ,42.0
1988,ISUZU,29.0
1988,AUDI,10.0
1988,LAND ROVER,15.0
1988,HARLEY DAVIDSON,160.0
1988,LEXUS,0.0
1988,PEUGEOT,21.0
1989,TOYOTA,102.0
1989,NISSAN,39.0
1989,MAZDA,52.0
1989,FORD,162.0
1989,MITSUBISHI,49.0
1989,HONDA,160.0
1989,HOLDEN,40.0
1989,SUZUKI,104.0
1989,SUBARU,24.0
1989,VOLKSWAGEN,28.0
1989,HYUNDAI,6.0
1989,BMW,210.0
1989,KIA,0.0
1989,MERCEDES-BENZ,34.0
1989,ISUZU,53.0
1989,AUDI,14.0
1989,LAND ROVER,22.0
1989,HARLEY DAVIDSON,166.0
1989,LEXUS,0.0
1989,PEUGEOT,17.0
1990,TOYOTA,152.0
1990,NISSAN,63.0
1990,MAZDA,70.0
1990,FORD,171.0
1990,MITSUBISHI,60.0
1990,HONDA,142.0
1990,HOLDEN,52.0
1990,SUZUKI,87.0
1990,SUBARU,37.0
1990,VOLKSWAGEN,36.0
1990,HYUNDAI,5.0
1990,BMW,190.0
1990,KIA,0.0
1990,MERCEDES-BENZ,43.0
1990,ISUZU,67.0
1990,AUDI,8.0
1990,LAND ROVER,11.0
1990,HARLEY DAVIDSON,192.0
1990,LEXUS,0.0
1990,PEUGEOT,20.0
1991,TOYOTA,123.0
1991,NISSAN,75.0
1991,MAZDA,41.0
1991,FORD,130.0
1991,MITSUBISHI,51.0
1991,HONDA,177.0
1991,HOLDEN,63.0
1991,SUZUKI,81.0
1991,SUBARU,51.0
1991,VOLKSWAGEN,16.0
1991,HYUNDAI,3.0
1991,BMW,168.0
1991,KIA,0.0
1991,MERCEDES-BENZ,38.0
1991,ISUZU,50.0
1991,AUDI,7.0
1991,LAND ROVER,22.0
1991,HARLEY DAVIDSON,194.0
1991,LEXUS,1.0
1991,PEUGEOT,22.0
1992,TOYOTA,109.0
1992,NISSAN,81.0
1992,MAZDA,36.0
1992,FORD,142.0
1992,MITSUBISHI,116.0
1992,HONDA,170.0
1992,HOLDEN,68.0
1992,SUZUKI,59.0
1992,SUBARU,43.0
1992,VOLKSWAGEN,15.0
1992,HYUNDAI,4.0
1992,BMW,120.0
1992,KIA,0.0
1992,MERCEDES-BENZ,43.0
1992,ISUZU,44.0
1992,AUDI,10.0
1992,LAND ROVER,31.0
1992,HARLEY DAVIDSON,129.0
1992,LEXUS,1.0
1992,PEUGEOT,20.0
1993,TOYOTA,176.0
1993,NISSAN,73.0
1993,MAZDA,55.0
1993,FORD,167.0
1993,MITSUBISHI,181.0
1993,HONDA,135.0
1993,HOLDEN,61.0
1993,SUZUKI,67.0
1993,SUBARU,42.0
1993,VOLKSWAGEN,26.0
1993,HYUNDAI,6.0
1993,BMW,178.0
1993,KIA,0.0
1993,MERCEDES-BENZ,51.0
1993,ISUZU,56.0
1993,AUDI,11.0
1993,LAND ROVER,29.0
1993,HARLEY DAVIDSON,117.0
1993,LEXUS,2.0
1993,PEUGEOT,24.0
1994,TOYOTA,164.0
1994,NISSAN,146.0
1994,MAZDA,81.0
1994,FORD,198.0
1994,MITSUBISHI,284.0
1994,HONDA,226.0
1994,HOLDEN,92.0
1994,SUZUKI,111.0
1994,SUBARU,60.0
1994,VOLKSWAGEN,43.0
1994,HYUNDAI,15.0
1994,BMW,300.0
1994,KIA,0.0
1994,MERCEDES-BENZ,85.0
1994,ISUZU,72.0
1994,AUDI,24.0
1994,LAND ROVER,59.0
1994,HARLEY DAVIDSON,174.0
1994,LEXUS,3.0
1994,PEUGEOT,43.0
1995,TOYOTA,194.0
1995,NISSAN,188.0
1995,MAZDA,95.0
1995,FORD,243.0
1995,MITSUBISHI,266.0
1995,HONDA,272.0
1995,HOLDEN,131.0
1995,SUZUKI,118.0
1995,SUBARU,66.0
1995,VOLKSWAGEN,49.0
1995,HYUNDAI,16.0
1995,BMW,453.0
1995,KIA,0.0
1995,MERCEDES-BENZ,113.0
1995,ISUZU,70.0
1995,AUDI,30.0
1995,LAND ROVER,82.0
1995,HARLEY DAVIDSON,211.0
1995,LEXUS,3.0
1995,PEUGEOT,54.0
1996,TOYOTA,179.0
1996,NISSAN,188.0
1996,MAZDA,87.0
1996,FORD,188.0
1996,MITSUBISHI,292.0
1996,HONDA,251.0
1996,HOLDEN,98.0
1996,SUZUKI,150.0
1996,SUBARU,55.0
1996,VOLKSWAGEN,56.0
1996,HYUNDAI,32.0
1996,BMW,476.0
1996,KIA,4.0
1996,MERCEDES-BENZ,114.0
1996,ISUZU,86.0
1996,AUDI,18.0
1996,LAND ROVER,60.0
1996,HARLEY DAVIDSON,232.0
1996,LEXUS,3.0
1996,PEUGEOT,58.0
1997,TOYOTA,201.0
1997,NISSAN,181.0
1997,MAZDA,92.0
1997,FORD,229.0
1997,MITSUBISHI,305.0
1997,HONDA,327.0
1997,HOLDEN,110.0
1997,SUZUKI,208.0
1997,SUBARU,52.0
1997,VOLKSWAGEN,49.0
1997,HYUNDAI,39.0
1997,BMW,454.0
1997,KIA,10.0
1997,MERCEDES-BENZ,100.0
1997,ISUZU,88.0
1997,AUDI,20.0
1997,LAND ROVER,64.0
1997,HARLEY DAVIDSON,184.0
1997,LEXUS,4.0
1997,PEUGEOT,46.0
1998,TOYOTA,232.0
1998,NISSAN,212.0
1998,MAZDA,89.0
1998,FORD,176.0
1998,MITSUBISHI,325.0
1998,HONDA,357.0
1998,HOLDEN,126.0
1998,SUZUKI,220.0
1998,SUBARU,48.0
1998,VOLKSWAGEN,46.0
1998,HYUNDAI,44.0
1998,BMW,480.0
1998,KIA,12.0
1998,MERCEDES-BENZ,121.0
1998,ISUZU,84.0
1998,AUDI,22.0
1998,LAND ROVER,66.0
1998,HARLEY DAVIDSON,201.0
1998,LEXUS,5.0
1998,PEUGEOT,38.0
1999,TOYOTA,309.0
1999,NISSAN,216.0
1999,MAZDA,105.0
1999,FORD,195.0
1999,MITSUBISHI,257.0
1999,HONDA,360.0
1999,HOLDEN,118.0
1999,SUZUKI,172.0
1999,SUBARU,49.0
1999,VOLKSWAGEN,42.0
1999,HYUNDAI,52.0
1999,BMW,594.0
1999,KIA,19.0
1999,MERCEDES-BENZ,134.0
1999,ISUZU,118.0
1999,AUDI,30.0
1999,LAND ROVER,88.0
1999,HARLEY DAVIDSON,177.0
1999,LEXUS,16.0
1999,PEUGEOT,45.0
2000,TOYOTA,527.0
2000,NISSAN,200.0
2000,MAZDA,105.0
2000,FORD,206.0
2000,MITSUBISHI,216.0
2000,HONDA,324.0
2000,HOLDEN,107.0
2000,SUZUKI,153.0
2000,SUBARU,58.0
2000,VOLKSWAGEN,47.0
2000,HYUNDAI,46.0
2000,BMW,614.0
2000,KIA,19.0
2000,MERCEDES-BENZ,165.0
2000,ISUZU,113.0
2000,AUDI,34.0
2000,LAND ROVER,81.0
2000,HARLEY DAVIDSON,205.0
2000,LEXUS,18.0
2000,PEUGEOT,48.0
2001,TOYOTA,665.0
2001,NISSAN,231.0
2001,MAZDA,108.0
2001,FORD,255.0
2001,MITSUBISHI,223.0
2001,HONDA,372.0
2001,HOLDEN,121.0
2001,SUZUKI,184.0
2001,SUBARU,56.0
2001,VOLKSWAGEN,47.0
2001,HYUNDAI,49.0
2001,BMW,685.0
2001,KIA,22.0
2001,MERCEDES-BENZ,190.0
2001,ISUZU,128.0
2001,AUDI,60.0
2001,LAND ROVER,76.0
2001,HARLEY DAVIDSON,193.0
2001,LEXUS,51.0
2001,PEUGEOT,54.0
2002,TOYOTA,774.0
2002,NISSAN,232.0
2002,MAZDA,116.0
2002,FORD,325.0
2002,MITSUBISHI,213.0
2002,HONDA,398.0
2002,HOLDEN,230.0
2002,SUZUKI,219.0
2002,SUBARU,54.0
2002,VOLKSWAGEN,61.0
2002,HYUNDAI,58.0
2002,BMW,784.0
2002,KIA,25.0
2002,MERCEDES-BENZ,210.0
2002,ISUZU,111.0
2002,AUDI,118.0
2002,LAND ROVER,91.0
2002,HARLEY DAVIDSON,241.0
2002,LEXUS,79.0
2002,PEUGEOT,57.0
2003,TOYOTA,903.0
2003,NISSAN,218.0
2003,MAZDA,104.0
2003,FORD,405.0
2003,MITSUBISHI,244.0
2003,HONDA,420.0
2003,HOLDEN,526.0
2003,SUZUKI,368.0
2003,SUBARU,59.0
2003,VOLKSWAGEN,71.0
2003,HYUNDAI,61.0
2003,BMW,921.0
2003,KIA,28.0
2003,MERCEDES-BENZ,225.0
2003,ISUZU,142.0
2003,AUDI,164.0
2003,LAND ROVER,103.0
2003,HARLEY DAVIDSON,296.0
2003,LEXUS,76.0
2003,PEUGEOT,73.0
2004,TOYOTA,841.0
2004,NISSAN,253.0
2004,MAZDA,112.0
2004,FORD,413.0
2004,MITSUBISHI,240.0
2004,HONDA,452.0
2004,HOLDEN,613.0
2004,SUZUKI,370.0
2004,SUBARU,72.0
2004,VOLKSWAGEN,99.0
2004,HYUNDAI,70.0
2004,BMW,1071.0
2004,KIA,23.0
2004,MERCEDES-BENZ,227.0
2004,ISUZU,162.0
2004,AUDI,180.0
2004,LAND ROVER,110.0
2004,HARLEY DAVIDSON,369.0
2004,LEXUS,79.0
2004,PEUGEOT,101.0
2005,TOYOTA,1122.0
2005,NISSAN,272.0
2005,MAZDA,116.0
2005,FORD,455.0
2005,MITSUBISHI,262.0
2005,HONDA,479.0
2005,HOLDEN,490.0
2005,SUZUKI,366.0
2005,SUBARU,88.0
2005,VOLKSWAGEN,108.0
2005,HYUNDAI,80.0
2005,BMW,1253.0
2005,KIA,43.0
2005,MERCEDES-BENZ,265.0
2005,ISUZU,155.0
2005,AUDI,189.0
2005,LAND ROVER,96.0
2005,HARLEY DAVIDSON,576.0
2005,LEXUS,133.0
2005,PEUGEOT,111.0
2006,TOYOTA,1086.0
2006,NISSAN,276.0
2006,MAZDA,116.0
2006,FORD,412.0
2006,MITSUBISHI,254.0
2006,HONDA,563.0
2006,HOLDEN,713.0
2006,SUZUKI,331.0
2006,SUBARU,92.0
2006,VOLKSWAGEN,124.0
2006,HYUNDAI,97.0
2006,BMW,1224.0
2006,KIA,48.0
2006,MERCEDES-BENZ,269.0
2006,ISUZU,155.0
2006,AUDI,290.0
2006,LAND ROVER,88.0
2006,HARLEY DAVIDSON,727.0
2006,LEXUS,161.0
2006,PEUGEOT,120.0
2007,TOYOTA,1154.0
2007,NISSAN,263.0
2007,MAZDA,118.0
2007,FORD,397.0
2007,MITSUBISHI,235.0
2007,HONDA,566.0
2007,HOLDEN,624.0
2007,SUZUKI,448.0
2007,SUBARU,89.0
2007,VOLKSWAGEN,153.0
2007,HYUNDAI,106.0
2007,BMW,1476.0
2007,KIA,52.0
2007,MERCEDES-BENZ,270.0
2007,ISUZU,148.0
2007,AUDI,400.0
2007,LAND ROVER,126.0
2007,HARLEY DAVIDSON,888.0
2007,LEXUS,181.0
2007,PEUGEOT,127.0
2008,TOYOTA,1129.0
2008,NISSAN,271.0
2008,MAZDA,122.0
2008,FORD,371.0
2008,MITSUBISHI,221.0
2008,HONDA,566.0
2008,HOLDEN,583.0
2008,SUZUKI,435.0
2008,SUBARU,100.0
2008,VOLKSWAGEN,167.0
2008,HYUNDAI,123.0
2008,BMW,1462.0
2008,KIA,64.0
2008,MERCEDES-BENZ,238.0
2008,ISUZU,147.0
2008,AUDI,441.0
2008,LAND ROVER,145.0
2008,HARLEY DAVIDSON,986.0
2008,LEXUS,178.0
2008,PEUGEOT,129.0
2009,TOYOTA,1062.0
2009,NISSAN,251.0
2009,MAZDA,125.0
2009,FORD,321.0
2009,MITSUBISHI,189.0
2009,HONDA,510.0
2009,HOLDEN,576.0
2009,SUZUKI,355.0
2009,SUBARU,112.0
2009,VOLKSWAGEN,158.0
2009,HYUNDAI,147.0
2009,BMW,1097.0
2009,KIA,78.0
2009,MERCEDES-BENZ,199.0
2009,ISUZU,94.0
2009,AUDI,417.0
2009,LAND ROVER,106.0
2009,HARLEY DAVIDSON,643.0
2009,LEXUS,155.0
2009,PEUGEOT,111.0
2010,TOYOTA,899.0
2010,NISSAN,225.0
2010,MAZDA,132.0
2010,FORD,415.0
2010,MITSUBISHI,202.0
2010,HONDA,440.0
2010,HOLDEN,554.0
2010,SUZUKI,320.0
2010,SUBARU,111.0
2010,VOLKSWAGEN,159.0
2010,HYUNDAI,161.0
2010,BMW,1245.0
2010,KIA,68.0
2010,MERCEDES-BENZ,205.0
2010,ISUZU,80.0
2010,AUDI,431.0
2010,LAND ROVER,82.0
2010,HARLEY DAVIDSON,620.0
2010,LEXUS,138.0
2010,PEUGEOT,115.0
2011,TOYOTA,851.0
2011,NISSAN,208.0
2011,MAZDA,125.0
2011,FORD,466.0
2011,MITSUBISHI,164.0
2011,HONDA,480.0
2011,HOLDEN,562.0
2011,SUZUKI,264.0
2011,SUBARU,110.0
2011,VOLKSWAGEN,162.0
2011,HYUNDAI,171.0
2011,BMW,1316.0
2011,KIA,84.0
2011,MERCEDES-BENZ,256.0
2011,ISUZU,85.0
2011,AUDI,521.0
2011,LAND ROVER,124.0
2011,HARLEY DAVIDSON,618.0
2011,LEXUS,145.0
2011,PEUGEOT,123.0
2012,TOYOTA,863.0
2012,NISSAN,169.0
2012,MAZDA,126.0
2012,FORD,512.0
2012,MITSUBISHI,149.0
2012,HONDA,442.0
2012,HOLDEN,634.0
2012,SUZUKI,212.0
2012,SUBARU,110.0
2012,VOLKSWAGEN,176.0
2012,HYUNDAI,164.0
2012,BMW,1552.0
2012,KIA,85.0
2012,MERCEDES-BENZ,270.0
2012,ISUZU,93.0
2012,AUDI,654.0
2012,LAND ROVER,182.0
2012,HARLEY DAVIDSON,640.0
2012,LEXUS,180.0
2012,PEUGEOT,121.0
2013,TOYOTA,990.0
2013,NISSAN,220.0
2013,MAZDA,149.0
2013,FORD,574.0
2013,MITSUBISHI,171.0
2013,HONDA,533.0
2013,HOLDEN,746.0
2013,SUZUKI,213.0
2013,SUBARU,93.0
2013,VOLKSWAGEN,196.0
2013,HYUNDAI,183.0
2013,BMW,1628.0
2013,KIA,94.0
2013,MERCEDES-BENZ,321.0
2013,ISUZU,106.0
2013,AUDI,765.0
2013,LAND ROVER,244.0
2013,HARLEY DAVIDSON,729.0
2013,LEXUS,228.0
2013,PEUGEOT,111.0
2014,TOYOTA,1010.0
2014,NISSAN,247.0
2014,MAZDA,152.0
2014,FORD,611.0
2014,MITSUBISHI,183.0
2014,HONDA,591.0
2014,HOLDEN,785.0
2014,SUZUKI,269.0
2014,SUBARU,106.0
2014,VOLKSWAGEN,216.0
2014,HYUNDAI,197.0
2014,BMW,1892.0
2014,KIA,82.0
2014,MERCEDES-BENZ,339.0
2014,ISUZU,104.0
2014,AUDI,852.0
2014,LAND ROVER,337.0
2014,HARLEY DAVIDSON,776.0
2014,LEXUS,246.0
2014,PEUGEOT,123.0
2015,TOYOTA,1269.0
2015,NISSAN,282.0
2015,MAZDA,181.0
2015,FORD,664.0
2015,MITSUBISHI,203.0
2015,HONDA,632.0
2015,HOLDEN,1061.0
2015,SUZUKI,308.0
2015,SUBARU,123.0
2015,VOLKSWAGEN,230.0
2015,HYUNDAI,239.0
2015,BMW,2163.0
2015,KIA,117.0
2015,MERCEDES-BENZ,349.0
2015,ISUZU,114.0
2015,AUDI,962.0
2015,LAND ROVER,430.0
2015,HARLEY DAVIDSON,927.0
2015,LEXUS,287.0
2015,PEUGEOT,139.0
2016,TOYOTA,1253.0
2016,NISSAN,317.0
2016,MAZDA,183.0
2016,FORD,742.0
2016,MITSUBISHI,218.0
2016,HONDA,589.0
2016,HOLDEN,994.0
2016,SUZUKI,286.0
2016,SUBARU,124.0
2016,VOLKSWAGEN,245.0
2016,HYUNDAI,265.0
2016,BMW,2362.0
2016,KIA,118.0
2016,MERCEDES-BENZ,393.0
2016,ISUZU,117.0
2016,AUDI,1000.0
2016,LAND ROVER,374.0
2016,HARLEY DAVIDSON,895.0
2016,LEXUS,291.0
2016,PEUGEOT,132.0
2017,TOYOTA,1296.0
2017,NISSAN,339.0
2017,MAZDA,197.0
2017,FORD,671.0
2017,MITSUBISHI,256.0
2017,HONDA,595.0
2017,HOLDEN,1110.0
2017,SUZUKI,270.0
2017,SUBARU,141.0
2017,VOLKSWAGEN,257.0
2017,HYUNDAI,278.0
2017,BMW,2623.0
2017,KIA,124.0
2017,MERCEDES-BENZ,446.0
2017,ISUZU,124.0
2017,AUDI,1155.0
2017,LAND ROVER,452.0
2017,HARLEY DAVIDSON,1137.0
2017,LEXUS,286.0
2017,PEUGEOT,111.0
2018,TOYOTA,1229.0
2018,NISSAN,314.0
2018,MAZDA,208.0
2018,FORD,714.0
2018,MITSUBISHI,241.0
2018,HONDA,628.0
2018,HOLDEN,1014.0
2018,SUZUKI,255.0
2018,SUBARU,135.0
2018,VOLKSWAGEN,260.0
2018,HYUNDAI,242.0
2018,BMW,2561.0
2018,KIA,142.0
2018,MERCEDES-BENZ,452.0
2018,ISUZU,133.0
2018,AUDI,1115.0
2018,LAND ROVER,465.0
2018,HARLEY DAVIDSON,1191.0
2018,LEXUS,345.0
2018,PEUGEOT,110.0
2019,TOYOTA,1394.0
2019,NISSAN,314.0
2019,MAZDA,231.0
2019,FORD,693.0
2019,MITSUBISHI,244.0
2019,HONDA,621.0
2019,HOLDEN,906.0
2019,SUZUKI,268.0
2019,SUBARU,135.0
2019,VOLKSWAGEN,251.0
2019,HYUNDAI,260.0
2019,BMW,2646.0
2019,KIA,146.0
2019,MERCEDES-BENZ,460.0
2019,ISUZU,113.0
2019,AUDI,1071.0
2019,LAND ROVER,589.0
2019,HARLEY DAVIDSON,1172.0
2019,LEXUS,325.0
2019,PEUGEOT,100.0
2020,TOYOTA,1303.0
2020,NISSAN,292.0
2020,MAZDA,227.0
2020,FORD,632.0
2020,MITSUBISHI,247.0
2020,HONDA,593.0
2020,HOLDEN,674.0
2020,SUZUKI,230.0
2020,SUBARU,138.0
2020,VOLKSWAGEN,256.0
2020,HYUNDAI,211.0
2020,BMW,2515.0
2020,KIA,151.0
2020,MERCEDES-BENZ,506.0
2020,ISUZU,118.0
2020,AUDI,1144.0
2020,LAND ROVER,531.0
2020,HARLEY DAVIDSON,1007.0
2020,LEXUS,325.0
2020,PEUGEOT,114.0
2021,TOYOTA,1161.0
2021,NISSAN,244.0
2021,MAZDA,221.0
2021,FORD,552.0
2021,MITSUBISHI,227.0
2021,HONDA,595.0
2021,HOLDEN,300.0
2021,SUZUKI,207.0
2021,SUBARU,119.0
2021,VOLKSWAGEN,257.0
2021,HYUNDAI,230.0
2021,BMW,2786.0
2021,KIA,157.0
2021,MERCEDES-BENZ,511.0
2021,ISUZU,124.0
2021,AUDI,1323.0
2021,LAND ROVER,719.0
2021,HARLEY DAVIDSON,913.0
2021,LEXUS,356.0
2021,PEUGEOT,112.0
2022,TOYOTA,1110.0
2022,NISSAN,273.0
2022,MAZDA,200.0
2022,FORD,530.0
2022,MITSUBISHI,189.0
2022,HONDA,575.0
2022,HOLDEN,241.0
2022,SUZUKI,169.0
2022,SUBARU,98.0
2022,VOLKSWAGEN,324.0
2022,HYUNDAI,212.0
2022,BMW,2620.0
2022,KIA,130.0
2022,MERCEDES-BENZ,481.0
2022,ISUZU,127.0
2022,AUDI,1288.0
2022,LAND ROVER,664.0
2022,HARLEY DAVIDSON,741.0
2022,LEXUS,334.0
2022,PEUGEOT,90.0
